id;description;target_url;date
1;Argentine Peso implementation;Wallis and Futuna;2019-12-23
2;Utah Computers Small Fresh Gloves;Brunei Darussalam interface;2019-12-22
3;composite Orchestrator Club;Intelligent Granite Shirt Peru deposit;2019-12-23
4;Strategist;card Licensed Cotton Ball;2019-12-23
5;bypass Ameliorated;Brand;2019-12-22
6;Saudi Riyal paradigms;Corporate;2019-12-23
7;Optimized;microchip;2019-12-23
8;motivating Operations alarm;e-markets system;2019-12-23
9;Louisiana;hack;2019-12-23
10;Wooden Ergonomic Steel Gloves;Developer Shoes Music;2019-12-23
